<?xml version="1.0" encoding="UTF-8"?>
<project-private xmlns="http://www.netbeans.org/ns/project-private/1">
    <editor-bookmarks xmlns="http://www.netbeans.org/ns/editor-bookmarks/2" lastBookmarkId="0"/>
    <open-files xmlns="http://www.netbeans.org/ns/projectui-open-files/2">
        <group>
            <file>file:/D:/ALEX%20JAVA/Project/src/project/Login.java</file>
            <file>file:/D:/ALEX%20JAVA/Project/src/project/customerbooking.java</file>
            <file>file:/D:/ALEX%20JAVA/Project/src/project/viewFlights.java</file>
            <file>file:/D:/ALEX%20JAVA/Project/src/project/Flight.java</file>
            <file>file:/D:/ALEX%20JAVA/Project/src/project/talex.java</file>
            <file>file:/D:/ALEX%20JAVA/Project/src/project/Ticketbooking.java</file>
            <file>file:/D:/ALEX%20JAVA/Project/src/project/ticketcancellations.java</file>
            <file>file:/D:/ALEX%20JAVA/Project/src/project/ticketprint.java</file>
            <file>file:/D:/ALEX%20JAVA/Project/src/project/Passengers.java</file>
            <file>file:/D:/ALEX%20JAVA/Project/src/project/Clientlogin.java</file>
            <file>file:/D:/ALEX%20JAVA/Project/src/project/ManageFlight.java</file>
        </group>
    </open-files>
</project-private>
